sku;familie
HP-BLM-100;BLM
HP-BLM-150;BLM
HP-BLT-050;BLT
HP-BLT-100;BLT
HP-BLT-150;BLT
HP-BLT-200;BLT
HP-BSL-100-1P;BSL
HP-BSL-100-2P;BSL
HP-BSL-50-2P;BSL
HP-CL-1;CL
HP-CL-2;CL
HP-CSL-300-C;CSL
HP-CSL-300-W;CSL
HP-CTL-180;CTL
HP-CTL-180M;CTL
HP-CTL-210;CTL
HP-CTL-210M;CTL
HP-CTL-240;CTL
HP-CTL-240M;CTL
HP-CTL-300;CTL
HP-CTL-360;CTL
HP-CTL-400;CTL
HP-CTL-400M;CTL
HP-DCT-200;DCT
HP-DCT-200M;DCT
HP-DCT-200W;DCT
HP-DCT-300;DCT
HP-DCT-300M;DCT
HP-DCT-300W;DCT
HP-DFM-010;DFM
HP-DFM-010M;DFM
HP-DFM-010W;DFM
HP-DFM-012;DFM
HP-DFM-012M;DFM
HP-DFM-015;DFM
HP-DFM-015M;DFM
HP-DFM-400;DFM
HP-DFM-400-EU-2-VIEN;DFM
HP-DFM-400M;DFM
HP-DFM-400W;DFM
HP-DFM-600;DFM
HP-DFM-600M;DFM
HP-DFM-750;DFM
HP-DFM-750M;DFM
HP-DGM-001;DGM
HP-DGM-002;DGM
HP-DGM-048;DGM
HP-DLM-100H;DLM
HP-DLM-200H;DLM
HP-DNM-208;DNM
HP-DNM-208M;DNM
HP-DPM-300;DPM
HP-DPM-300M;DPM
HP-DPM-400;DPM
HP-DPM-400M;DPM
HP-DPM-600;DPM
HP-DPM-600M;DPM
HP-DPM-800;DPM
HP-DPM-800M;DPM
HP-DPT-300;DPT
HP-DPT-600;DPT
HP-DPT-800;DPT
HP-FSF-120;FSF
HP-FXF-001;FXF
HP-ISL-008;ISL
HP-ISL-008M;ISL
HP-ISL-008W;ISL
HP-ISL-108M;ISL
HP-ISL-264;ISL
HP-ISL-264W;ISL
HP-ISL-360;ISL
HP-ISL-360M;ISL
HP-ISL-360W;ISL
HP-ISL-486M;ISL
HP-ISL-486W;ISL
HP-ISL-586;ISL
HP-ISL-586M;ISL
HP-ISL-586W;ISL
HP-ISL-648M;ISL
HP-ISL-648W;ISL
HP-NPT-210;NPT
HP-NPT-210M;NPT
HP-NPT-210W;NPT
HP-OL-100;OL-Standard
HP-OL-15;OL-Standard
HP-OL-15-G;OL-Standard
HP-OL-25;OL-Standard
HP-OL-30;OL-G40
HP-OL-50;OL-G40
HP-OL-75;OL-Standard
HP-OL-S11-15;OL-S11
HP-OL-S11-25;OL-S11
HP-OL-S11-30;OL-S11
HP-OL-ST38-15;OL-ST38
HP-OL-ST38-25;OL-ST38
HP-OL-ST38-30;OL-ST38
HP-OLA-G40-15;OLA-G40
HP-OLA-G40-27;OLA-G40
HP-OLA-G40-42;OLA-G40
HP-OLA-S14-15;OLA-S14
HP-OLA-S14-30;OLA-S14
HP-OLA-S14-50;OLA-S14
HP-OLG-010;OLG
HP-OLG-100;OLG
HP-OLG-200;OLG
HP-OLG-200M;OLG
HP-OLG-200W;OLG
HP-OLG-300;OLG
HP-OLG-400;OLG
HP-OLG-500;OLG
HP-OLG-800;OLG
HP-OLH-G40-15;OLH-G40
HP-OLH-G40-20;OLH-G40
HP-OLH-G40-25;OLH-G40
HP-OLH-G40-35;OLH-G40
HP-OLH-G40-50;OLH-G40
HP-OLS-A60-16;OLS-A60
HP-OLS-G40-16;OLS-G40
HP-OLS-G40-25;OLS-G40
HP-OLS-G40-35;OLS-G40
HP-OLS-S17-16;OLS-S17
HP-OLT-010;OLT
HP-OLT-100;OLT
HP-OLT-150;OLT
HP-OLT-200;OLT
HP-OLT-300;OLT
HP-OLT-400;OLT
HP-OLT-500;OLT
HP-OLT-600;OLT
HP-OLT-800;OLT
HP-RCT-400;RCT
HP-RFM-600;RFM
HP-RGB-200A;RGB
HP-RGB-300A;RGB
HP-RGB-500A;RGB
HP-RIT-280;RIT
HP-RMP-180;RMP
HP-RMP-250;RMP
HP-RNM-200;RNM
HP-RPM-200;RPM
HP-RPM-400;RPM
HP-RSP-180;RSP
HP-RSP-250;RSP
HP-RTM-400;RTM
HP-SBLB-100L-WW;SBLB
HP-SBLB-100L-WW-NEW;SBLB
HP-SBLB-60L-WW;SBLB
HP-SBLB-60L-WW-NEW;SBLB
HP-SCWL-10M2P-MC;SCWL
HP-SCWL-10M2P-WW;SCWL
HP-SCWL-15M2P-MC;SCWL
HP-SCWL-15M2P-WW;SCWL
HP-SOLM-12M-WW;SOLM
HP-TPM-300;TPM
HP-TPM-400;TPM
HP-U20-200;U20
HP-U20-400;U20
HP-UCC-200;UCC
HP-UCC-200W;UCC
HP-UCP-200;UCP
HP-UCP-200M;UCP
HP-UCP-200W;UCP
HP-UCP-300;UCP
HP-UCP-300M-UK;UCP
HP-UCP-300W;UCP
HP-UCT-200;UCT
HP-UCT-200W;UCT
HP-VAM-400L;VAM
HP-VIT-586L;VIT
HP-VIT-864L;VIT
HP-VLM-100L;VLM
HP-VLM-200L;VLM
HP-VLM-300L;VLM
HP-WBF-180;WBF
HP-WWF-180;WWF
HP-WWF-210;WWF
PEC-150G;BAUM-PEC
PEC-180G;BAUM-PEC
PEC-210G;BAUM-PEC
PVC-150G;BAUM-PVC
TPE-180G;BAUM-TPE
